Day,Time,Title,Speaker,URL,Room,Topic
Thursday,09:00,OpenInfra Days North America Keynotes,"Allison Price, Gerald Bothello, Luke Repko, Chris Breu, Julia Kreger, James Blair, Ildiko Vancsa",https://www.socallinuxexpo.org/scale/22x/presentations/openinfra-days-north-america-keynotes,Room 106,Everyone
Thursday,09:30,Fireside Chat: An Outsider’s Look at Nix,"Ron Efroni, Kelsey Hightower",https://www.socallinuxexpo.org/scale/22x/presentations/fireside-chat-outsider%E2%80%99s-look-nix,Room 101,PlanetNix
Thursday,10:00,Open Source for Good,"Cynthia Lo, Avni Khatri, Margaret Tucker",https://www.socallinuxexpo.org/scale/22x/presentations/open-source-good,Room 211,Everyone
Thursday,10:00,Embedded Programming Workshop Day 1,Steve Oualline,https://www.socallinuxexpo.org/scale/22x/presentations/embedded-programming-workshop-day-1,Room 209,Developer
Thursday,10:00,pAI-OS Workshop,Sam Johnston,https://www.socallinuxexpo.org/scale/22x/presentations/pai-os-workshop,Room 212,Kwaai Summit
Thursday,10:00,Power Editing with vi,Aleksey Tsalolikhin,https://www.socallinuxexpo.org/scale/22x/presentations/power-editing-vi,Room 208,Everyone
Thursday,10:00,SunSecCon Workshop: Cooking Cyber Recipes with CyberChef,Marco Palacios,https://www.socallinuxexpo.org/scale/22x/presentations/sunseccon-workshop-cooking-cyber-recipes-cyberchef,Room 105,SunSecCon
Thursday,10:00,Learn Nix the Fun Way,Farid Zakaria,https://www.socallinuxexpo.org/scale/22x/presentations/learn-nix-fun-way,Room 104,PlanetNix
Thursday,10:00,The Nix PR Pipeline,Tristan Ross,https://www.socallinuxexpo.org/scale/22x/presentations/nix-pr-pipeline,Room 101,PlanetNix
Thursday,10:00,A look at the Elephant's trunk - PostgreSQL 18,Magnus Hagander,https://www.socallinuxexpo.org/scale/22x/presentations/look-elephants-trunk-postgresql-18,Ballroom G,Intermediate
Thursday,10:00,Progressive Delivery with Argo Rollouts,"Ryan Jarvinen, Evan Shortiss, Christian Hernandez",https://www.socallinuxexpo.org/scale/22x/presentations/progressive-delivery-argo-rollouts,Ballroom B,Advanced
Thursday,10:00,Kubernetes For Sysadmins Workshop,Joe Thompson,https://www.socallinuxexpo.org/scale/22x/presentations/kubernetes-sysadmins-workshop,Ballroom A,Intermediate
Thursday,11:00,Getting Started With OpenStack,Amy Marrich,https://www.socallinuxexpo.org/scale/22x/presentations/getting-started-openstack,Room 107,Beginner
Thursday,11:00,Students in Open Source: The OpenInfra University Partnership Program Growth and Lessons Learned,"Kendall Nelson, Stephen Walli, Corey Leong",https://www.socallinuxexpo.org/scale/22x/presentations/students-open-source-openinfra-university-partnership-program-growth-and,Room 106,Beginner
Thursday,11:00,"generating secrets with nixos, the missing puzzle piece","Kenji Berthold, Lassulus .",https://www.socallinuxexpo.org/scale/22x/presentations/generating-secrets-nixos-missing-puzzle-piece,Room 104,PlanetNix
Thursday,11:00,"Docker Was Too Slow, So We Replaced It: Nix in Production",Aneesh Agrawal,https://www.socallinuxexpo.org/scale/22x/presentations/docker-was-too-slow-so-we-replaced-it-nix-production,Room 101,PlanetNix
Thursday,11:15,Language is a Virus: Locales and PostgreSQL,Christophe Pettus,https://www.socallinuxexpo.org/scale/22x/presentations/language-virus-locales-and-postgresql,Ballroom G,Developer
Thursday,11:30,Building and Supporting Open Source Communities Through Metrics: Reviewing OpenInfra Community Metrics,Georg Link,https://www.socallinuxexpo.org/scale/22x/presentations/building-and-supporting-open-source-communities-through-metrics-reviewing,Room 107,Advanced
Thursday,11:30,OpenStack in the Real World,Jay Faulkner,https://www.socallinuxexpo.org/scale/22x/presentations/openstack-real-world,Room 106,Everyone
Thursday,11:30,Building Linux from Scratch... from Nix,Tim Golden,https://www.socallinuxexpo.org/scale/22x/presentations/building-linux-scratch-nix,Room 104,PlanetNix
Thursday,11:30,How to make Nix five times faster,Nick Johnstone,https://www.socallinuxexpo.org/scale/22x/presentations/how-make-nix-five-times-faster,Room 101,PlanetNix
Thursday,12:00,Project Gating with Zuul,James Blair,https://www.socallinuxexpo.org/scale/22x/presentations/project-gating-zuul,Room 107,Everyone
Thursday,12:00,Knowing is Half the Battle: End to End Observability in OpenStack on Kubernetes,Jamie Parker,https://www.socallinuxexpo.org/scale/22x/presentations/knowing-half-battle-end-end-observability-openstack-kubernetes,Room 106,Everyone
Thursday,12:00,Welcome to Kwaai Summit,"Matthew Small, Reza Rassool",https://www.socallinuxexpo.org/scale/22x/presentations/welcome-kwaai-summit,Ballroom F,Kwaai Summit
Thursday,12:15,AI in Education: Amplified Intelligence through Games,Nolan Bushnell,https://www.socallinuxexpo.org/scale/22x/presentations/ai-education-amplified-intelligence-through-games,Ballroom F,Everyone
Thursday,12:30,Testing software defined storage on multiple architectures in a OpenStack environment,olaph wagoner,https://www.socallinuxexpo.org/scale/22x/presentations/testing-software-defined-storage-multiple-architectures-openstack,Room 107,Intermediate
Thursday,12:30,"Ironic, Neutron and OVN - current challenges","Michal Nasiadka, Bartosz Bezak",https://www.socallinuxexpo.org/scale/22x/presentations/ironic-neutron-and-ovn-current-challenges,Room 106,Everyone
Thursday,12:30,Bringing MongoDB workloads back to open source by using FerretDB to store data on PostgreSQL,Peter Farkas,https://www.socallinuxexpo.org/scale/22x/presentations/bringing-mongodb-workloads-back-open-source-using-ferretdb-store-data,Ballroom G,Beginner
Thursday,12:45,Trust in AI - Beware of Double Agents,Bruce Schneier,https://www.socallinuxexpo.org/scale/22x/presentations/trust-ai-beware-double-agents,Ballroom F,Kwaai Summit
Thursday,13:00,SunSecCon Workshop: OSINT for Cybersecurity and Hackers,"Sandra Stibbards, Lee McWhorter",https://www.socallinuxexpo.org/scale/22x/presentations/sunseccon-workshop-osint-cybersecurity-and-hackers,Room 105,SunSecCon
Thursday,13:00,The 5th Element: Operationalizing the Agentic Economy,Fay Arjomandi,https://www.socallinuxexpo.org/scale/22x/presentations/5th-element-operationalizing-agentic-economy,Ballroom F,Kwaai Summit
Thursday,13:15,Personal vs. Personalized AI,Doc Searls,https://www.socallinuxexpo.org/scale/22x/presentations/personal-vs-personalized-ai,Ballroom F,Everyone
Thursday,13:30,Introduction to the Module System,Daniel Baker,https://www.socallinuxexpo.org/scale/22x/presentations/introduction-module-system,Room 104,PlanetNix
Thursday,13:30,Nix in the Wild,Ross Turk,https://www.socallinuxexpo.org/scale/22x/presentations/nix-wild,Room 101,PlanetNix
Thursday,14:00,bpftrace hands on lab,"Jonathan Haslam, Jordan Rome, Daniel Xu",https://www.socallinuxexpo.org/scale/22x/presentations/bpftrace-hands-lab,Room 211,Everyone
Thursday,14:00,Fedora+CentOS Classroom,"Carl George, Shaun McCance, Jason Brooks",https://www.socallinuxexpo.org/scale/22x/presentations/fedoracentos-classroom,Room 208,Intermediate
Thursday,14:00,Using /opt/store,Thomas Bereknyei,https://www.socallinuxexpo.org/scale/22x/presentations/using-optstore,Room 101,PlanetNix
Thursday,14:00,Panel: AI Thought Leaders,"Doc Searls, Fay Arjomandi, Reza Rassool, Nolan Bushnell",https://www.socallinuxexpo.org/scale/22x/presentations/panel-ai-thought-leaders,Ballroom F,Everyone
Thursday,14:00,Developing as a Team for Kubernetes with Nix and Flox,"Leigh Capili, Tanja Ulianova, Nick Lewis",https://www.socallinuxexpo.org/scale/22x/presentations/developing-team-kubernetes-nix-and-flox,Ballroom B,Developer
Thursday,14:00,So you want to be a Kubestronaut,Paul Yu,https://www.socallinuxexpo.org/scale/22x/presentations/so-you-want-be-kubestronaut,Ballroom A,Everyone
Thursday,14:30,RDO openstack on OKD kubernetes: The perfect combination for modern enterprise datacenter,Maciej Lecki,https://www.socallinuxexpo.org/scale/22x/presentations/rdo-openstack-okd-kubernetes-perfect-combination-modern-enterprise,Room 107,Everyone
Thursday,14:30,CephFS and OpenStack Manila: File Sharing Without the Headaches (Mostly!),"Goutham Pacha Ravi, Carlos Eduardo da Silva, Ashley Rodriguez",https://www.socallinuxexpo.org/scale/22x/presentations/cephfs-and-openstack-manila-file-sharing-without-headaches-mostly,Room 106,Everyone
Thursday,14:30,Extend your PostgreSQL: The world of PostgreSQL extensions,Devrim Gunduz,https://www.socallinuxexpo.org/scale/22x/presentations/extend-your-postgresql-world-postgresql-extensions,Ballroom G,Everyone
Thursday,14:30,Companion Intelligence: Powered by your Digital Memory,Liam Broza,https://www.socallinuxexpo.org/scale/22x/presentations/companion-intelligence-powered-your-digital-memory,Ballroom F,Kwaai Summit
Thursday,14:45,Kwaai Personal AI Assistant Vision and Roadmap,Greg Spektor,https://www.socallinuxexpo.org/scale/22x/presentations/kwaai-personal-ai-assistant-vision-and-roadmap,Ballroom F,Kwaai Summit
Thursday,15:00,Kata Containers - Security and Containers Without Compromise,Ildiko Vancsa,https://www.socallinuxexpo.org/scale/22x/presentations/kata-containers-security-and-containers-without-compromise,Room 107,Beginner
Thursday,15:00,Scaling AI with Open Source: Running Models on CPUs and GPUs in VMs on OpenStack,Todd Robinson,https://www.socallinuxexpo.org/scale/22x/presentations/scaling-ai-open-source-running-models-cpus-and-gpus-vms-openstack,Room 106,Everyone
Thursday,15:00,Mastering NixOS Integration Tests: Advanced Techniques for Fast and Robust Multi-VM Tests,Jacek Galowicz,https://www.socallinuxexpo.org/scale/22x/presentations/mastering-nixos-integration-tests-advanced-techniques-fast-and-robust-multi,Room 104,PlanetNix
Thursday,15:00,Charming wild snakes with pyproject.nix & uv2nix,Adis Bladis,https://www.socallinuxexpo.org/scale/22x/presentations/charming-wild-snakes-pyprojectnix-uv2nix,Room 101,PlanetNix
Thursday,15:00,"pAI Hackathon for Emergency Preparedness, Response, and Recovery",Jon Conners,https://www.socallinuxexpo.org/scale/22x/presentations/pai-hackathon-emergency-preparedness-response-and-recovery,Ballroom F,Kwaai Summit
Thursday,15:30,Kata Container & LLM,Patrick BEAUCAMP,https://www.socallinuxexpo.org/scale/22x/presentations/kata-container-llm,Room 107,Everyone
Thursday,15:30,Sponsor Talk: Optimizing Your Platform Architecture for VMs in OpenStack and OpenShift,Sagy Volkov,https://www.socallinuxexpo.org/scale/22x/presentations/sponsor-talk-optimizing-your-platform-architecture-vms-openstack-and,Room 106,Everyone
Thursday,15:30,Nix is faster than no evaluation,Yannik Sander,https://www.socallinuxexpo.org/scale/22x/presentations/nix-faster-no-evaluation,Room 101,PlanetNix
Thursday,15:30,Graph/RAG Frameworks for Accurate Drug Side Effect Retrieval in Large Language Models,Diego Galeano,https://www.socallinuxexpo.org/scale/22x/presentations/graphrag-frameworks-accurate-drug-side-effect-retrieval-large-language,Ballroom F,Kwaai Summit
Thursday,15:45,Sponsor Talk: Pure Storage: Your OpenStack Storage Solution,Simon Dodsley,https://www.socallinuxexpo.org/scale/22x/presentations/sponsor-talk-pure-storage-your-openstack-storage-solution,Room 106,Everyone
Thursday,15:45,Keeping Your PostgreSQL Replication Healthy: Resolving Conflicts for Optimal Performance,Hamid Akhtar,https://www.socallinuxexpo.org/scale/22x/presentations/keeping-your-postgresql-replication-healthy-resolving-conflicts-optimal,Ballroom G,Everyone
Thursday,16:00,SunSecCon Workshop: Kubernetes Security - Hands-On Attack and Defense,Lenin Alevski,https://www.socallinuxexpo.org/scale/22x/presentations/sunseccon-workshop-kubernetes-security-hands-attack-and-defense,Room 105,SunSecCon
Thursday,16:00,Technical Learnings of Building Distributed and Decentralized AI,Brian Ragazzi,https://www.socallinuxexpo.org/scale/22x/presentations/technical-learnings-building-distributed-and-decentralized-ai,Ballroom F,Kwaai Summit
Thursday,16:30,Sponsor Talk: The Economics of Migrating from VMware to OpenStack,Ken Crandall,https://www.socallinuxexpo.org/scale/22x/presentations/sponsor-talk-economics-migrating-vmware-openstack,Room 107,Everyone
Thursday,16:30,Openstack edge cloud with SONiC VPP for high-speed and low-latency multi-cloud connectivity,"Tom Yin, Vivekanandan Muthukrishnan, Amby Nagarajan",https://www.socallinuxexpo.org/scale/22x/presentations/openstack-edge-cloud-sonic-vpp-high-speed-and-low-latency-multi-cloud,Room 106,Intermediate
Thursday,17:00,Preparing VMware Systems for OpenStack Migration,Kenneth Tan,https://www.socallinuxexpo.org/scale/22x/presentations/preparing-vmware-systems-openstack-migration,Room 107,Everyone
Thursday,17:00,Cloud Rationalization - Industry Trends to Hybrid Environments,Nathaniel Moore,https://www.socallinuxexpo.org/scale/22x/presentations/cloud-rationalization-industry-trends-hybrid-environments,Room 106,Everyone
Thursday,17:00,PostgreSQL Ask Me Anything,"Mark Wong, Stacey Haysler, Devrim Gunduz, Jimmy Angelakos, Magnus Hagander, Christophe Pettus",https://www.socallinuxexpo.org/scale/22x/presentations/postgresql-ask-me-anything,Ballroom G,Everyone
Thursday,17:00,Open Source Personal AI with pAI-OS,Sam Johnston,https://www.socallinuxexpo.org/scale/22x/presentations/open-source-personal-ai-pai-os,Ballroom F,Kwaai Summit
Thursday,17:30,Moving authentication from a single provider to all the socials!,Tony Breeds,https://www.socallinuxexpo.org/scale/22x/presentations/moving-authentication-single-provider-all-socials,Room 107,Developer
Thursday,17:30,O-RAN Lifecycle Management on OpenStack Tacker,"Yuya Kuno, Toshiaki Takahashi, Yasufumi Ogawa",https://www.socallinuxexpo.org/scale/22x/presentations/o-ran-lifecycle-management-openstack-tacker,Room 106,Intermediate
Thursday,17:30,Panel: AI Policy,Reza Rassool,https://www.socallinuxexpo.org/scale/22x/presentations/panel-ai-policy,Ballroom F,Kwaai Summit
Thursday,17:45,Closing Remarks,Reza Rassool,https://www.socallinuxexpo.org/scale/22x/presentations/closing-remarks,Ballroom F,Kwaai Summit
Friday,09:00,Ceph Storage: a Caffeinated Primer,"Federico Lucifredi, JC Lopez, Gregory Farnum",https://www.socallinuxexpo.org/scale/22x/presentations/ceph-storage-caffeinated-primer,Room 212,Intermediate
Friday,09:00,Managing Test Resources and Images with Zuul,James Blair,https://www.socallinuxexpo.org/scale/22x/presentations/managing-test-resources-and-images-zuul,Room 106,Intermediate
Friday,09:15,SunSecCon Keynote: From IC to Manager....and Then Doing It Again,Anthony Scheller,https://www.socallinuxexpo.org/scale/22x/presentations/sunseccon-keynote-ic-managerand-then-doing-it-again,Room 105,SunSecCon
Friday,09:30,Workshop - Intro to Nix,Matteo Fusi,https://www.socallinuxexpo.org/scale/22x/presentations/workshop-intro-nix,Room 104,PlanetNix
Friday,09:30,The future of OpenStack operators meetups and community,Chris Morgan,https://www.socallinuxexpo.org/scale/22x/presentations/future-openstack-operators-meetups-and-community,Room 106,Everyone
Friday,09:30,UbuCon Introduction,"Aaron Prisk, Jason Nucciarone",https://www.socallinuxexpo.org/scale/22x/presentations/ubucon-introduction,Room 103,Ubucon
Friday,09:30,Flox as a Guided Path for Nix,Michael Stahnke,https://www.socallinuxexpo.org/scale/22x/presentations/flox-guided-path-nix,Room 101,PlanetNix
Friday,10:00,The Cloud Has Made Us Reckless,Tim Banks,https://www.socallinuxexpo.org/scale/22x/presentations/cloud-has-made-us-reckless,Ballroom A,Everyone
Friday,10:00,Lessons learnt from Open-Source Implementation in the Mexican Government,Federico Gonzalez-Waite,https://www.socallinuxexpo.org/scale/22x/presentations/lessons-learnt-open-source-implementation-mexican-government,Ballroom C,Everyone
Friday,10:00,Standing on Code: Advancing Scientific Discovery Through Sustainable Software Practices,Alexandre Renchon,https://www.socallinuxexpo.org/scale/22x/presentations/standing-code-advancing-scientific-discovery-through-sustainable-software,Room 211,Everyone
Friday,10:00,Embedded Programming Workshop Day 2,Steve Oualline,https://www.socallinuxexpo.org/scale/22x/presentations/embedded-programming-workshop-day-2,Room 209,Developer
Friday,10:00,Seamless migration from VMware to OpenStack using vJailbreak tool,"Pooja Ghumre, Chris Jones",https://www.socallinuxexpo.org/scale/22x/presentations/seamless-migration-vmware-openstack-using-vjailbreak-tool,Room 106,Everyone
Friday,10:00,Adversarial Intelligence: Redefining Application Security through the eyes of an attacker,Roy Talyosef,https://www.socallinuxexpo.org/scale/22x/presentations/adversarial-intelligence-redefining-application-security-through-eyes,Room 105,SunSecCon
Friday,10:00,Simplify Your Data Science Workflow on Ubuntu with Canonical’s Data Science Stack,Ken VanDine,https://www.socallinuxexpo.org/scale/22x/presentations/simplify-your-data-science-workflow-ubuntu-canonical%E2%80%99s-data-science-stack,Room 103,Ubucon
Friday,10:00,Adventures in Mesh Networking at DEF CON with NixOS,Morgan Jones,https://www.socallinuxexpo.org/scale/22x/presentations/adventures-mesh-networking-def-con-nixos,Room 101,PlanetNix
Friday,10:00,Boosting MySQL with Vector Search: Introducing the MyVector Plugin,Alkin Tezuysal,https://www.socallinuxexpo.org/scale/22x/presentations/boosting-mysql-vector-search-introducing-myvector-plugin,Ballroom H,Advanced
Friday,10:00,Take your pgBadger usage to the next level!,Henrietta Dombrovskaya,https://www.socallinuxexpo.org/scale/22x/presentations/take-your-pgbadger-usage-next-level,Ballroom G,Everyone
Friday,10:00,LLMs with Your Data in Your Applications,Matt Ingenthron,https://www.socallinuxexpo.org/scale/22x/presentations/llms-your-data-your-applications,Ballroom F,Developer
Friday,10:00,What's an Anthropologist doing in Meta's Infrastructure?,Kathryn Casey Bouskill,https://www.socallinuxexpo.org/scale/22x/presentations/whats-anthropologist-doing-metas-infrastructure,Ballroom DE,Everyone
Friday,10:00,A Hitchhikers Guide to the CNCF Landscape,"Lori Lorusso, Katherine Druckman",https://www.socallinuxexpo.org/scale/22x/presentations/hitchhikers-guide-cncf-landscape,Ballroom B,Everyone
Friday,10:30,"Sponsor Talk: How to Simplify and Accelerate VMware Migration to OpenStack using Universal Backup, Recovery and Migration Solution",DJ MIN,https://www.socallinuxexpo.org/scale/22x/presentations/sponsor-talk-how-simplify-and-accelerate-vmware-migration-openstack-using,Room 106,Everyone
Friday,10:30,Building a Chromebook replacement with NixOS,Mike Kelly,https://www.socallinuxexpo.org/scale/22x/presentations/building-chromebook-replacement-nixos,Room 101,PlanetNix
Friday,11:00,Kolla User Forum,Michal Nasiadka,https://www.socallinuxexpo.org/scale/22x/presentations/kolla-user-forum,Room 212,Everyone
Friday,11:00,AI Agents in a Semi-Autonomous Security Operations Center (SOC),Keyur Rajyaguru,https://www.socallinuxexpo.org/scale/22x/presentations/ai-agents-semi-autonomous-security-operations-center-soc,Room 105,SunSecCon
Friday,11:00,Build your own microcloud,Miona Aleksic,https://www.socallinuxexpo.org/scale/22x/presentations/build-your-own-microcloud,Room 103,Ubucon
Friday,11:00,"A Sustainable Nix, State of the Union",Ron Efroni,https://www.socallinuxexpo.org/scale/22x/presentations/sustainable-nix-state-union,Room 101,PlanetNix
Friday,11:00,"Turning Incidents into Insights, Not Insults",Heather Osborn,https://www.socallinuxexpo.org/scale/22x/presentations/turning-incidents-insights-not-insults,Ballroom DE,Everyone
Friday,11:15,The Open Source Universe of Numerical Relativity,Erik Wessel,https://www.socallinuxexpo.org/scale/22x/presentations/open-source-universe-numerical-relativity,Room 211,Everyone
Friday,11:15,CattleSpa: automated healing of your cloud infrastructure,"Carmen Mason, Allan Mason",https://www.socallinuxexpo.org/scale/22x/presentations/cattlespa-automated-healing-your-cloud-infrastructure,Ballroom H,Intermediate
Friday,11:15,"What's our Vector, Victor?",Shaun Thomas,https://www.socallinuxexpo.org/scale/22x/presentations/whats-our-vector-victor,Ballroom G,Intermediate
Friday,11:15,"Next-Generation Prompt Engineering: Building Scalable, Cost-Efficient AI Applications for Multi-Model and Open-Source Environments",Masahji Stewart,https://www.socallinuxexpo.org/scale/22x/presentations/next-generation-prompt-engineering-building-scalable-cost-efficient-ai,Ballroom F,Developer
Friday,11:15,Digital Citizen Participation - Success Factors and Challenges,Simon Strohmenger,https://www.socallinuxexpo.org/scale/22x/presentations/digital-citizen-participation-success-factors-and-challenges,Ballroom C,Everyone
Friday,11:15,"Develop, Test, and Deploy with Podman Desktop",Josh Berkus,https://www.socallinuxexpo.org/scale/22x/presentations/develop-test-and-deploy-podman-desktop,Ballroom B,Developer
Friday,11:15,Going All-in on Gateway API - Replacing Ingresses and Enhancing a Service Mesh,Gene Liverman,https://www.socallinuxexpo.org/scale/22x/presentations/going-all-gateway-api-replacing-ingresses-and-enhancing-service-mesh,Ballroom A,Intermediate
Friday,11:30,"Python on Nix? Yes, it is possible!",Matteo Fusi,https://www.socallinuxexpo.org/scale/22x/presentations/python-nix-yes-it-possible,Room 104,PlanetNix
Friday,11:30,Remote Nix Builds,Rickard Nilsson,https://www.socallinuxexpo.org/scale/22x/presentations/remote-nix-builds,Room 101,PlanetNix
Friday,12:30,How DIY Robotics Can Help With Environmental Science,Travis Hughes,https://www.socallinuxexpo.org/scale/22x/presentations/how-diy-robotics-can-help-environmental-science,Room 211,Beginner
Friday,12:30,Hidden Gems in MySQL Shell,Scott Stroz,https://www.socallinuxexpo.org/scale/22x/presentations/hidden-gems-mysql-shell,Ballroom H,Everyone
Friday,12:30,Anatomy of Table-Level Locks in PostgreSQL,"Gulcin YildirimJelinek, Andrew Farries",https://www.socallinuxexpo.org/scale/22x/presentations/anatomy-table-level-locks-postgresql,Ballroom G,Everyone
Friday,12:30,Harnessing Open Source Solutions in the Generative AI Landscape,james healy,https://www.socallinuxexpo.org/scale/22x/presentations/harnessing-open-source-solutions-generative-ai-landscape,Ballroom F,Intermediate
Friday,12:30,Building a Network of Open Source Program Offices at the University of California,"Stephanie Lieggi, Tim Dennis",https://www.socallinuxexpo.org/scale/22x/presentations/building-network-open-source-program-offices-university-california,Ballroom C,Everyone
Friday,12:30,Getting started with OpenTelemetry,Shirley Wang,https://www.socallinuxexpo.org/scale/22x/presentations/getting-started-opentelemetry,Ballroom B,Beginner
Friday,12:30,Kubernetes and the Dragons in Linux Kernel vs. Userspace Tools,Jussi Nummelin,https://www.socallinuxexpo.org/scale/22x/presentations/kubernetes-and-dragons-linux-kernel-vs-userspace-tools,Ballroom A,Everyone
Friday,13:00,OpenInfra Leadership Meet and Greet,"Amy Marrich, Julia Kreger, Jonathan Bryce, Mark Collier",https://www.socallinuxexpo.org/scale/22x/presentations/openinfra-leadership-meet-and-greet,Room 212,Everyone
Friday,13:00,Automated secure mobile code reviews using Danger,Saurabh Sharma,https://www.socallinuxexpo.org/scale/22x/presentations/automated-secure-mobile-code-reviews-using-danger,Room 105,SunSecCon
Friday,13:00,Live Ask Noah Show,Noah Chelliah,https://www.socallinuxexpo.org/scale/22x/presentations/live-ask-noah-show,Room 103,Ubucon
Friday,13:30,VALKEY 101 - A Superfast in-memory database,Dave Stokes,https://www.socallinuxexpo.org/scale/22x/presentations/valkey-101-superfast-memory-database,Room 106,Developer
Friday,13:30,Evaluating the Nix Evaluator: Why Nix Performance Sometimes... Doesn't,Connor Baker,https://www.socallinuxexpo.org/scale/22x/presentations/evaluating-nix-evaluator-why-nix-performance-sometimes-doesnt,Room 104,PlanetNix
Friday,13:30,Tvix store in production,Victor Fuentes,https://www.socallinuxexpo.org/scale/22x/presentations/tvix-store-production,Room 101,PlanetNix
Friday,13:30,DevEx as a Strategic Asset: Linking Developer Success into Business Outcomes,Sara Huddleston,https://www.socallinuxexpo.org/scale/22x/presentations/devex-strategic-asset-linking-developer-success-business-outcomes,Ballroom DE,Everyone
Friday,13:45,Platform Engineers as Product Managers: 10x Your Developer Experience,Justin Reock,https://www.socallinuxexpo.org/scale/22x/presentations/platform-engineers-product-managers-10x-your-developer-experience,Ballroom DE,Everyone
Friday,14:00,From Zero to Code: A Hands-On Guide to Making Your First OpenStack Code Contribution,"Carlos Eduardo da Silva, Goutham Pacha Ravi, Ashley Rodriguez",https://www.socallinuxexpo.org/scale/22x/presentations/zero-code-hands-guide-making-your-first-openstack-code-contribution,Room 212,Developer
Friday,14:00,Cloud Rebalance,"Sukesh Behera, Jimmy McCrory",https://www.socallinuxexpo.org/scale/22x/presentations/cloud-rebalance,Room 106,Everyone
Friday,14:00,Data Breaches and Dark Secrets: The Corporate Side,Andrew Amaro,https://www.socallinuxexpo.org/scale/22x/presentations/data-breaches-and-dark-secrets-corporate-side,Room 105,SunSecCon
Friday,14:00,Sandstone: Fast incremental Haskell builds using dynamic derivations,John Ericson,https://www.socallinuxexpo.org/scale/22x/presentations/sandstone-fast-incremental-haskell-builds-using-dynamic-derivations,Room 104,PlanetNix
Friday,14:00,Automatically orchestrate your application with Juju,Alastair Flynn,https://www.socallinuxexpo.org/scale/22x/presentations/automatically-orchestrate-your-application-juju,Room 103,Ubucon
Friday,14:00,Configurable Flakes,Eelco Dolstra,https://www.socallinuxexpo.org/scale/22x/presentations/configurable-flakes,Room 101,PlanetNix
Friday,14:00,"How did it come to this?  Untangling SA, Dev(*)Ops, SRE, and PE",Ben Rockwood,https://www.socallinuxexpo.org/scale/22x/presentations/how-did-it-come-untangling-sa-devops-sre-and-pe,Ballroom DE,Everyone
Friday,14:30,"AI, Cloud Computing, and Software Engineering Concepts in Seismology",Ryan Tam,https://www.socallinuxexpo.org/scale/22x/presentations/ai-cloud-computing-and-software-engineering-concepts-seismology,Room 211,Everyone
Friday,14:30,From VMware to OpenStack: Redefining the Virtualization Landscape with Open Source Software,"Jimmy McArthur, Ken Crandall, DJ MIN",https://www.socallinuxexpo.org/scale/22x/presentations/vmware-openstack-redefining-virtualization-landscape-open-source-software,Room 106,Everyone
Friday,14:30,Leveling up your MySQL Skills,Syed Usman Ahmad,https://www.socallinuxexpo.org/scale/22x/presentations/leveling-your-mysql-skills,Ballroom H,Intermediate
Friday,14:30,9.2 to 15 and beyond,Nick Meyer,https://www.socallinuxexpo.org/scale/22x/presentations/92-15-and-beyond,Ballroom G,Intermediate
Friday,14:30,Evaluating the Effectiveness of Retrieval Augmented Generation (RAG) in Real-World Applications,Nithish Raghunandanan,https://www.socallinuxexpo.org/scale/22x/presentations/evaluating-effectiveness-retrieval-augmented-generation-rag-real-world,Ballroom F,Intermediate
Friday,14:30,How LA Metro is using Open Data to prepare for the 2028 Olympics and Paralympics,Monica Waggoner,https://www.socallinuxexpo.org/scale/22x/presentations/how-la-metro-using-open-data-prepare-2028-olympics-and-paralympics,Ballroom C,Everyone
Friday,14:30,Bringing joy to Kubernetes Deployments,"Murriel Perez McCabe, Elizabeth Ponce",https://www.socallinuxexpo.org/scale/22x/presentations/bringing-joy-kubernetes-deployments,Ballroom B,Beginner
Friday,14:30,When Things Go Sideways: Troubleshooting the OTel Operator,"Adriana Villela, Reese Lee",https://www.socallinuxexpo.org/scale/22x/presentations/when-things-go-sideways-troubleshooting-otel-operator,Ballroom A,Advanced
Friday,15:00,Exposed Detection Rules: What’s Next for Defenders?,Kennedy Toomey,https://www.socallinuxexpo.org/scale/22x/presentations/exposed-detection-rules-what%E2%80%99s-next-defenders,Room 105,SunSecCon
Friday,15:00,Charmed HPC on OpenStack Sunbeam,Jason Nucciarone,https://www.socallinuxexpo.org/scale/22x/presentations/charmed-hpc-openstack-sunbeam,Room 103,Ubucon
Friday,15:00,Firewalls and Friendships: Building a Balanced Professional Network,Annie Hedgpeth,https://www.socallinuxexpo.org/scale/22x/presentations/firewalls-and-friendships-building-balanced-professional-network,Ballroom DE,Everyone
Friday,15:15,Sponsor Talk: Jetstream2: Democratizing Cloud Computing for U.S. Research,Julian Pistorius,https://www.socallinuxexpo.org/scale/22x/presentations/sponsor-talk-jetstream2-democratizing-cloud-computing-us-research,Room 106,Everyone
Friday,15:30,OpenStack Scientific SIG Meeting,Martial Michel,https://www.socallinuxexpo.org/scale/22x/presentations/openstack-scientific-sig-meeting,Room 212,Everyone
Friday,15:30,"OpenStack as a Catalyst for Innovation, Resilience, and Cost Efficiency",Francisco Araya,https://www.socallinuxexpo.org/scale/22x/presentations/openstack-catalyst-innovation-resilience-and-cost-efficiency,Room 106,Everyone
Friday,15:45,Training Multi-Modal ML Classification Models for Real-Time Detection of Debilitating Disease,"Nikki-Rae Alkema, David vonThenen",https://www.socallinuxexpo.org/scale/22x/presentations/training-multi-modal-ml-classification-models-real-time-detection,Room 211,Intermediate
Friday,15:45,Lessons learned when managing MySQL in the cloud,Igor Donchovski,https://www.socallinuxexpo.org/scale/22x/presentations/lessons-learned-when-managing-mysql-cloud,Ballroom H,Beginner
Friday,15:45,Row-Level Security sucks. Can we make it usable?,Jimmy Angelakos,https://www.socallinuxexpo.org/scale/22x/presentations/row-level-security-sucks-can-we-make-it-usable,Ballroom G,Intermediate
Friday,15:45,Computer Vision in Your Pocket: Exploring Phone Photos with Embeddings,Steve Pousty,https://www.socallinuxexpo.org/scale/22x/presentations/computer-vision-your-pocket-exploring-phone-photos-embeddings,Ballroom F,Beginner
Friday,15:45,Strengthening Vulnerability Management in Cloud Development Environments,Rob Fletcher,https://www.socallinuxexpo.org/scale/22x/presentations/strengthening-vulnerability-management-cloud-development-environments,Ballroom DE,Everyone
Friday,15:45,Technopolitics: Public Digital Infrastructure for Democracy with Decidim,Guillaume Saunier,https://www.socallinuxexpo.org/scale/22x/presentations/technopolitics-public-digital-infrastructure-democracy-decidim,Ballroom C,Everyone
Friday,15:45,Many Ways of Building Containers: From Manual to Transparently Built On-Demand Containers.,Kyle Quest,https://www.socallinuxexpo.org/scale/22x/presentations/many-ways-building-containers-manual-transparently-built-demand-containers,Ballroom B,Beginner
Friday,15:45,JWT it like its hot!!,Paul Yu,https://www.socallinuxexpo.org/scale/22x/presentations/jwt-it-its-hot,Ballroom A,Everyone
Friday,16:00,Forum - Ironic - Something Something Cloud Native Dark Side,Julia Kreger,https://www.socallinuxexpo.org/scale/22x/presentations/forum-ironic-something-something-cloud-native-dark-side,Room 212,Everyone
Friday,16:00,Leveraging OpenInfra and Open Source GenAI to Address Climate Change,Armstrong Foundjem,https://www.socallinuxexpo.org/scale/22x/presentations/leveraging-openinfra-and-open-source-genai-address-climate-change,Room 106,Everyone
Friday,16:00,How To Write A Vulnerability Disclosure,Max vonBlankenburg,https://www.socallinuxexpo.org/scale/22x/presentations/how-write-vulnerability-disclosure,Room 105,SunSecCon
Friday,16:00,Entra ID authentication on Ubuntu Desktop at scale with Landscape,"Ken VanDine, Rajan Patel",https://www.socallinuxexpo.org/scale/22x/presentations/entra-id-authentication-ubuntu-desktop-scale-landscape,Room 103,Ubucon
Friday,16:00,Mastering Incident Communication,kat gaines,https://www.socallinuxexpo.org/scale/22x/presentations/mastering-incident-communication,Ballroom DE,Everyone
Friday,17:00,Infrastructure as Code 3 Ways,"Adriana Villela, Ana Margarita Medina",https://www.socallinuxexpo.org/scale/22x/presentations/infrastructure-code-3-ways,Ballroom B,Beginner
Friday,17:00,How Not to Go Bankrupt (and Look Foolish): Mastering Transactions in MySQL,Mikaël Francoeur,https://www.socallinuxexpo.org/scale/22x/presentations/how-not-go-bankrupt-and-look-foolish-mastering-transactions-mysql,Ballroom H,Developer
Friday,17:00,CliMA: A New Open Source Code for Climate Modeling,Julia Sloan,https://www.socallinuxexpo.org/scale/22x/presentations/clima-new-open-source-code-climate-modeling,Room 211,Everyone
Friday,17:00,Unleashing AI with OpenInfra: The Future of Open Source in Artificial Intelligence,"Allison Price, Armstrong Foundjem, Todd Robinson, Kevin Carter",https://www.socallinuxexpo.org/scale/22x/presentations/unleashing-ai-openinfra-future-open-source-artificial-intelligence,Room 106,OpenInfra Days
Friday,17:00,That One Time the Threat Actor Sent Me His Token,Andy Giron,https://www.socallinuxexpo.org/scale/22x/presentations/one-time-threat-actor-sent-me-his-token,Room 105,SunSecCon
Friday,17:00,Ubuntu Q&A and Closing Remarks,"Nathan Haines, Richard Gaskin",https://www.socallinuxexpo.org/scale/22x/presentations/ubuntu-qa-and-closing-remarks,Room 103,Ubucon
Friday,17:00,Understanding PostgreSQL for the MySQL Developer and DBA,Colin Charles,https://www.socallinuxexpo.org/scale/22x/presentations/understanding-postgresql-mysql-developer-and-dba,Ballroom G,Everyone
Friday,17:00,Is Vector Search Right for Me?,Nuri Halperin,https://www.socallinuxexpo.org/scale/22x/presentations/vector-search-right-me,Ballroom F,Intermediate
Friday,17:00,Adding API Security to your DevSecOps Toolbelt,Scott Bly,https://www.socallinuxexpo.org/scale/22x/presentations/adding-api-security-your-devsecops-toolbelt,Ballroom DE,Everyone
Friday,17:00,Panel: Public tech stacks that work for all,"Chach Sikes, Nina Kin, Esther Sportello",https://www.socallinuxexpo.org/scale/22x/presentations/panel-public-tech-stacks-work-all,Ballroom C,Everyone
Friday,17:00,"To accrue additional technical debt, turn to page 52! A choose-your-own-adventure system design case study.","Amber Salome, Éamon Ryan",https://www.socallinuxexpo.org/scale/22x/presentations/accrue-additional-technical-debt-turn-page-52-choose-your-own-adventure,Ballroom A,Everyone
Friday,18:30,UpSCALE,Hannah Anderson,https://www.socallinuxexpo.org/scale/22x/presentations/upscale,Ballroom DE,UpSCALE
Saturday,09:30,Linux Training Class - Day 1,Tom King,https://www.socallinuxexpo.org/scale/22x/presentations/linux-training-class-day-1,Room 208,Workshops
Saturday,10:00,Robots building Robots,Solomon Hykes,https://www.socallinuxexpo.org/scale/22x/presentations/robots-building-robots,Ballroom DE,Keynote
Saturday,11:15,Scalable and Low Latency Lock-free Data Structures,Alexander Krizhanovsky,https://www.socallinuxexpo.org/scale/22x/presentations/scalable-and-low-latency-lock-free-data-structures,Room 211,Advanced
Saturday,11:15,Observability at Tigris Data,Peter Boros,https://www.socallinuxexpo.org/scale/22x/presentations/observability-tigris-data,Room 107,Everyone
Saturday,11:15,Gotchas of Everyday Systemd,Anita Zhang,https://www.socallinuxexpo.org/scale/22x/presentations/gotchas-everyday-systemd,Room 106,Developer
Saturday,11:15,Baking a TuringPi in the Home Lab,Matthew Sanabria,https://www.socallinuxexpo.org/scale/22x/presentations/baking-turingpi-home-lab,Room 105,Everyone
Saturday,11:15,Making Linux From Scratch,August Cho,https://www.socallinuxexpo.org/scale/22x/presentations/making-linux-scratch,Room 103,Beginner
Saturday,11:15,Shining Light on the Open Source Supply Chain: The Risk in Community Health,Georg Link,https://www.socallinuxexpo.org/scale/22x/presentations/shining-light-open-source-supply-chain-risk-community-health,Room 101,Advanced
Saturday,11:15,Source Available is Thriving but Open Source is Dying,Hazel Weakly,https://www.socallinuxexpo.org/scale/22x/presentations/source-available-thriving-open-source-dying,Ballroom H,Everyone
Saturday,11:15,How to do Everything in a Terminal,Jared Bernard,https://www.socallinuxexpo.org/scale/22x/presentations/how-do-everything-terminal,Ballroom G,Everyone
Saturday,11:15,Enhancing Occupational Classification and Seniority Prediction from Job Descriptions Using Open-Source Tools and Embedding Techniques,Sinan Kefeli,https://www.socallinuxexpo.org/scale/22x/presentations/enhancing-occupational-classification-and-seniority-prediction-job,Ballroom F,Intermediate
Saturday,11:15,Evolving a DSL: How bpftrace makes language design decisions,Jordan Rome,https://www.socallinuxexpo.org/scale/22x/presentations/evolving-dsl-how-bpftrace-makes-language-design-decisions,Ballroom C,Developer
Saturday,11:15,GitOps best practices using Argo CD,"Justin Marquis, Christian Hernandez",https://www.socallinuxexpo.org/scale/22x/presentations/gitops-best-practices-using-argo-cd,Ballroom B,Everyone
Saturday,11:15,Rethinking the Container Layer with Nix,"Leigh Capili, Tom Bereknyei",https://www.socallinuxexpo.org/scale/22x/presentations/rethinking-container-layer-nix,Ballroom A,Intermediate
Saturday,12:15,Smarter Ways to Stay Safe Online by Building Better Passwords,Andrew Lim,https://www.socallinuxexpo.org/scale/22x/presentations/smarter-ways-stay-safe-online-building-better-passwords,Room 103,Everyone
Saturday,12:30,APIs for the Modern World,Addison Hart,https://www.socallinuxexpo.org/scale/22x/presentations/apis-modern-world,Room 211,Beginner
Saturday,12:30,Profiling and beyond: scaling observability with Fluent Bit and eBPF,Eduardo Silva,https://www.socallinuxexpo.org/scale/22x/presentations/profiling-and-beyond-scaling-observability-fluent-bit-and-ebpf,Room 107,Everyone
Saturday,12:30,Advanced SRE: Networking,Patrick Shuff,https://www.socallinuxexpo.org/scale/22x/presentations/advanced-sre-networking,Room 106,Advanced
Saturday,12:30,Are we really making the most of our smart home technology?,Joyce Lin,https://www.socallinuxexpo.org/scale/22x/presentations/are-we-really-making-most-our-smart-home-technology,Room 105,Everyone
Saturday,12:30,Managing Infrastructure for Confidential AI using OpenStack,"Divya KK, Srirama Sharma",https://www.socallinuxexpo.org/scale/22x/presentations/managing-infrastructure-confidential-ai-using-openstack,Room 101,Intermediate
Saturday,12:30,Taming the Chaos: What's Next in Engineering,"Ron Efroni, Michael Stahnke, Kelsey Hightower, Katherine Druckman",https://www.socallinuxexpo.org/scale/22x/presentations/taming-chaos-whats-next-engineering,Ballroom H,Everyone
Saturday,12:30,Choose your benefactor: Common Good or Corporate Good,benny Vasquez,https://www.socallinuxexpo.org/scale/22x/presentations/choose-your-benefactor-common-good-or-corporate-good,Ballroom G,Everyone
Saturday,12:30,Keeping Things Local - Making Your Own Private LLM,Bronwen Aker,https://www.socallinuxexpo.org/scale/22x/presentations/keeping-things-local-making-your-own-private-llm,Ballroom F,Everyone
Saturday,12:30,Writing Production Ready Schedulers using Sched Ext,"Jake Hillion, Daniel Hodges",https://www.socallinuxexpo.org/scale/22x/presentations/writing-production-ready-schedulers-using-sched-ext,Ballroom C,Developer
Saturday,12:30,Scalable Open Source Data Science on Bare Metal Kubernetes,Scott Williams,https://www.socallinuxexpo.org/scale/22x/presentations/scalable-open-source-data-science-bare-metal-kubernetes,Ballroom B,Intermediate
Saturday,12:30,Better latency with fewer servers: avoiding RAM noisy neighbors,Jonathan Perry,https://www.socallinuxexpo.org/scale/22x/presentations/better-latency-fewer-servers-avoiding-ram-noisy-neighbors,Ballroom A,Intermediate
Saturday,13:00,Scam–Spotting 101: How to Identify Phishing and Fake Messages,"Jonah Ibarra, Eisly Morales",https://www.socallinuxexpo.org/scale/22x/presentations/scam%E2%80%93spotting-101-how-identify-phishing-and-fake-messages,Room 103,Everyone
Saturday,14:30,The Research Software Engineering Revolution,Gabriele Bozzola,https://www.socallinuxexpo.org/scale/22x/presentations/research-software-engineering-revolution,Room 211,Everyone
Saturday,14:30,Modernizing Systems Observability with AI and LLMs,Jason Hand,https://www.socallinuxexpo.org/scale/22x/presentations/modernizing-systems-observability-ai-and-llms,Room 107,Developer
Saturday,14:30,99 package problems,Kevin Mittman,https://www.socallinuxexpo.org/scale/22x/presentations/99-package-problems,Room 106,Intermediate
Saturday,14:30,"What the Heck is KiCad, and Can I Really Make My Own Electronics?",Jon Cruz,https://www.socallinuxexpo.org/scale/22x/presentations/what-heck-kicad-and-can-i-really-make-my-own-electronics,Room 105,Beginner
Saturday,14:30,Be Your Own AWS,Brady Hancock,https://www.socallinuxexpo.org/scale/22x/presentations/be-your-own-aws,Room 103,Everyone
Saturday,14:30,Navigating Security in Generative AI Development,Katherine Druckman,https://www.socallinuxexpo.org/scale/22x/presentations/navigating-security-generative-ai-development,Room 101,Everyone
Saturday,14:30,The JOY of Free Software: It should be fun to fish,maddog Hall,https://www.socallinuxexpo.org/scale/22x/presentations/joy-free-software-it-should-be-fun-fish,Ballroom H,Everyone
Saturday,14:30,MapLibre: An Introduction to Its Use and Its Community,Tarus Balog,https://www.socallinuxexpo.org/scale/22x/presentations/maplibre-introduction-its-use-and-its-community,Ballroom G,Beginner
Saturday,14:30,AI-Powered Searches with Cassandra,Bassam Chahine,https://www.socallinuxexpo.org/scale/22x/presentations/ai-powered-searches-cassandra,Ballroom F,Intermediate
Saturday,14:30,A simpler and faster firewall with bpfilter,Quentin Deslandes,https://www.socallinuxexpo.org/scale/22x/presentations/simpler-and-faster-firewall-bpfilter,Ballroom C,Intermediate
Saturday,14:30,Meshing Your Way to Better Observability,"Ram Ellupuru, Boaz Ardel",https://www.socallinuxexpo.org/scale/22x/presentations/meshing-your-way-better-observability,Ballroom B,Developer
Saturday,14:30,Universal Blue: Delivering Experiences Using Bootable Containers,"Noel Miller, Kyle Gospodnetich",https://www.socallinuxexpo.org/scale/22x/presentations/universal-blue-delivering-experiences-using-bootable-containers,Ballroom A,Intermediate
Saturday,15:15,Building Community and Social Capital on the Internet,Alexander Moral,https://www.socallinuxexpo.org/scale/22x/presentations/building-community-and-social-capital-internet,Room 103,Everyone
Saturday,15:45,The Future is Real-Time Data,Emily Le,https://www.socallinuxexpo.org/scale/22x/presentations/future-real-time-data,Room 211,Intermediate
Saturday,15:45,Exemplars - A Tale of Pillars Supporting The Observability Structure,"Vijay Samuel, Jing Hu",https://www.socallinuxexpo.org/scale/22x/presentations/exemplars-tale-pillars-supporting-observability-structure,Room 107,Everyone
Saturday,15:45,Kubernetes as a Geographically Distributed System,Ildiko Vancsa,https://www.socallinuxexpo.org/scale/22x/presentations/kubernetes-geographically-distributed-system,Room 106,Beginner
Saturday,15:45,Access self-hosted services securely from anywhere,Alex Kretzschmar,https://www.socallinuxexpo.org/scale/22x/presentations/access-self-hosted-services-securely-anywhere,Room 105,Everyone
Saturday,15:45,Atomic Honeypot: A MySQL Honeypot That Drops Shells,Alexander Rubin,https://www.socallinuxexpo.org/scale/22x/presentations/atomic-honeypot-mysql-honeypot-drops-shells,Room 101,Intermediate
Saturday,15:45,"When Pipelines Are Code, Developers Win","Jeremy Adams, Rebecca Dittmar",https://www.socallinuxexpo.org/scale/22x/presentations/when-pipelines-are-code-developers-win,Ballroom H,Developer
Saturday,15:45,The Nuances and Challenges of Moderating a Code Collaboration Platform,Margaret Tucker,https://www.socallinuxexpo.org/scale/22x/presentations/nuances-and-challenges-moderating-code-collaboration-platform,Ballroom G,Everyone
Saturday,15:45,The best of both worlds: building R / Python pipelines for biomedical LLM semantic search apps,Thomas Charlon,https://www.socallinuxexpo.org/scale/22x/presentations/best-both-worlds-building-r-python-pipelines-biomedical-llm-semantic-search,Ballroom F,Everyone
Saturday,15:45,Kernel observability using eBPF made easy and approachable with Inspektor Gadget,"Maya Singh, Jose Blanquicet",https://www.socallinuxexpo.org/scale/22x/presentations/kernel-observability-using-ebpf-made-easy-and-approachable-inspektor-gadget,Ballroom C,Everyone
Saturday,15:45,Breaking Free from Legacy Virtualization: Embracing KubeVirt for Cloud-Native Workloads,Fabrizio Sgura,https://www.socallinuxexpo.org/scale/22x/presentations/breaking-free-legacy-virtualization-embracing-kubevirt-cloud-native,Ballroom B,Intermediate
Saturday,15:45,Cloud Native Technologies: The Building Blocks of Modern Database Software,Divine Odazie,https://www.socallinuxexpo.org/scale/22x/presentations/cloud-native-technologies-building-blocks-modern-database-software,Ballroom A,Everyone
Saturday,16:15,"Euphony Echo:  Integrating Virtual Reality, Machine Learning, and Music Therapy to Enhance Emotional Expression and Anxiety Management for Individuals with Autism Spectrum Disorder",Alana Wu,https://www.socallinuxexpo.org/scale/22x/presentations/euphony-echo-integrating-virtual-reality-machine-learning-and-music-therapy,Room 103,Everyone
Saturday,17:00,Unpacking Git,"Tanja Ulianova, Nick Lewis",https://www.socallinuxexpo.org/scale/22x/presentations/unpacking-git,Room 211,Everyone
Saturday,17:00,Redefining Observability: Observability 3.0,Hazel Weakly,https://www.socallinuxexpo.org/scale/22x/presentations/redefining-observability-observability-30,Room 107,Everyone
Saturday,17:00,Evolving AI Research Infrastructure with Kubernetes at Meta: Overcoming Challenges and Lessons Learned,"Shaun Hopper, Chandan Avdhut",https://www.socallinuxexpo.org/scale/22x/presentations/evolving-ai-research-infrastructure-kubernetes-meta-overcoming-challenges,Room 106,Everyone
Saturday,17:00,Bazzite: Building the Future of Linux Gaming Together,"Kyle Gospodnetich, Noel Miller",https://www.socallinuxexpo.org/scale/22x/presentations/bazzite-building-future-linux-gaming-together,Room 105,Everyone
Saturday,17:00,SpiceDB: Authorization that Scales,Jimmy Zelinskie,https://www.socallinuxexpo.org/scale/22x/presentations/spicedb-authorization-scales,Room 101,Developer
Saturday,17:00,Mentorship as an Onramp to Open Source Contributions,"Tyler Menezes, Kendall Nelson, Emily Lovell, Kevin Wang",https://www.socallinuxexpo.org/scale/22x/presentations/mentorship-onramp-open-source-contributions,Ballroom H,Everyone
Saturday,17:00,Confessions of an ADHD-fueled technologi... SQUIRREL!!!,Jeremy Meiss,https://www.socallinuxexpo.org/scale/22x/presentations/confessions-adhd-fueled-technologi-squirrel,Ballroom G,Everyone
Saturday,17:00,Affording your AI chatbot friends,Xe iaso,https://www.socallinuxexpo.org/scale/22x/presentations/affording-your-ai-chatbot-friends,Ballroom F,Developer
Saturday,17:00,Linux Virtualization Based Security (LVBS),Angelina Vu,https://www.socallinuxexpo.org/scale/22x/presentations/linux-virtualization-based-security-lvbs,Ballroom C,Intermediate
Saturday,17:00,Using Nix to build pretty small images,Bryan Honof,https://www.socallinuxexpo.org/scale/22x/presentations/using-nix-build-pretty-small-images,Ballroom B,Everyone
Saturday,17:00,Can you have the cake and eat it too? Fast and cheap observability,Kiran Gollu,https://www.socallinuxexpo.org/scale/22x/presentations/can-you-have-cake-and-eat-it-too-fast-and-cheap-observability,Ballroom A,Everyone
Saturday,18:15,Barbie's Journey: A CI/CD Tale of Transformation,Autumn Nash,https://www.socallinuxexpo.org/scale/22x/presentations/barbies-journey-cicd-tale-transformation,Room 211,Developer
Saturday,18:15,Know your data: The stats behind your alerts,Dave McAllister,https://www.socallinuxexpo.org/scale/22x/presentations/know-your-data-stats-behind-your-alerts,Room 107,Beginner
Saturday,18:15,Managing Vendor Incidents,Mandi Walls,https://www.socallinuxexpo.org/scale/22x/presentations/managing-vendor-incidents,Room 106,Everyone
Saturday,18:15,Port Forwarding Risks When Self Hosting,Sam Hanna,https://www.socallinuxexpo.org/scale/22x/presentations/port-forwarding-risks-when-self-hosting,Room 105,Everyone
Saturday,18:15,Securing Web Applications Against OWASP Top 10 Threats in AWS Cloud,Murat Aydemir,https://www.socallinuxexpo.org/scale/22x/presentations/securing-web-applications-against-owasp-top-10-threats-aws-cloud,Room 101,Advanced
Saturday,18:15,Solving Engineering Problems Using Multi GPU Computing,Paul Mekhedjian,https://www.socallinuxexpo.org/scale/22x/presentations/solving-engineering-problems-using-multi-gpu-computing,Ballroom H,Intermediate
Saturday,18:15,Crash Course in Open Source Generative AI,Mark Hinkle,https://www.socallinuxexpo.org/scale/22x/presentations/crash-course-open-source-generative-ai,Ballroom G,Everyone
Saturday,18:15,Demystifying Building Natural Language Processing ML Models and How to Leverage Them By Example,David vonThenen,https://www.socallinuxexpo.org/scale/22x/presentations/demystifying-building-natural-language-processing-ml-models-and-how-leverage,Ballroom F,Developer
Saturday,18:15,A deep dive into Linux Networking,Mohamed Elsakhawy,https://www.socallinuxexpo.org/scale/22x/presentations/deep-dive-linux-networking,Ballroom C,Advanced
Saturday,18:15,Scaling Your Kubernetes Clusters Without Going Broke,Joe Allen,https://www.socallinuxexpo.org/scale/22x/presentations/scaling-your-kubernetes-clusters-without-going-broke,Ballroom B,Intermediate
Saturday,18:15,Dancing with the Pods: Live migration of a database fleet while serving millions of queries,"Jayme Bird, Manish Gill",https://www.socallinuxexpo.org/scale/22x/presentations/dancing-pods-live-migration-database-fleet-while-serving-millions-queries,Ballroom A,Intermediate
Sunday,09:30,Linux Training Class - Day 2,Tom King,https://www.socallinuxexpo.org/scale/22x/presentations/linux-training-class-day-2,Room 208,Workshops
Sunday,09:30,A Hands-On Introduction to Blender + Python,Erik Mondrian,https://www.socallinuxexpo.org/scale/22x/presentations/hands-introduction-blender-python,Room 209,Everyone
Sunday,10:00,Workshop: Improve your resume and interview skills by experiencing the interviewers perspective,Jenson Crawford,https://www.socallinuxexpo.org/scale/22x/presentations/workshop-improve-your-resume-and-interview-skills-experiencing-interviewers,Room 104,Everyone
Sunday,10:00,Candidate Experience Done Right: Practical Strategies for Open Source Hiring Teams,Mary Kypreos,https://www.socallinuxexpo.org/scale/22x/presentations/candidate-experience-done-right-practical-strategies-open-source-hiring,Room 103,Everyone
Sunday,10:30,What happens when hardware puts software freedom first?  We built a router to find out,Denver Gingerich,https://www.socallinuxexpo.org/scale/22x/presentations/what-happens-when-hardware-puts-software-freedom-first-we-built-router-find,Ballroom DE,Everyone
Sunday,11:00,How to make video game vegetation sway,Tom Lechner,https://www.socallinuxexpo.org/scale/22x/presentations/how-make-video-game-vegetation-sway,Room 209,Beginner
Sunday,11:00,Why You Should Join a Community,Amy Marrich,https://www.socallinuxexpo.org/scale/22x/presentations/why-you-should-join-community,Room 103,Everyone
Sunday,11:45,Kanister.io: Application Consistent Backups on Kubernetes,Daniil Fedotov,https://www.socallinuxexpo.org/scale/22x/presentations/kanisterio-application-consistent-backups-kubernetes,Ballroom A,Intermediate
Sunday,11:45,Reimagined Engineering Docs with Runme.dev,Adam Christian,https://www.socallinuxexpo.org/scale/22x/presentations/reimagined-engineering-docs-runmedev,Room 211,Everyone
Sunday,11:45,Scaling Observability with Loki at Dropbox,"Alok Ranjan, Paul Shen",https://www.socallinuxexpo.org/scale/22x/presentations/scaling-observability-loki-dropbox,Room 107,Everyone
Sunday,11:45,Deploying AI/ML Pipelines at Crexi,"Xpaul Vigil, Isaac Smothers",https://www.socallinuxexpo.org/scale/22x/presentations/deploying-aiml-pipelines-crexi,Room 106,Advanced
Sunday,11:45,Controlling Robots like NASA,"Adrian Todorov, Kerim Satirli",https://www.socallinuxexpo.org/scale/22x/presentations/controlling-robots-nasa,Room 105,Developer
Sunday,11:45,Online Payments: Attack and Defense,Vincent Sloan,https://www.socallinuxexpo.org/scale/22x/presentations/online-payments-attack-and-defense,Room 101,Everyone
Sunday,11:45,An Introduction to Post-Quantum Cryptography for Linux System Administrators,"Atom Ramirez, Marie Ramirez",https://www.socallinuxexpo.org/scale/22x/presentations/introduction-post-quantum-cryptography-linux-system-administrators,Ballroom H,Everyone
Sunday,11:45,Copyleft and the GPL: Finding the Path Forward to Defend our Software Right to Repair,Bradley Kuhn,https://www.socallinuxexpo.org/scale/22x/presentations/copyleft-and-gpl-finding-path-forward-defend-our-software-right-repair,Ballroom G,Everyone
Sunday,11:45,Open Source for Real-Time Voice Understanding: An Edge AI Solution,Zubair Talib,https://www.socallinuxexpo.org/scale/22x/presentations/open-source-real-time-voice-understanding-edge-ai-solution,Ballroom F,Developer
Sunday,11:45,Towards improving code integrity on Linux,Sriram Nambakam,https://www.socallinuxexpo.org/scale/22x/presentations/towards-improving-code-integrity-linux,Ballroom C,Advanced
Sunday,11:45,Prepare to Perform with Backstage Software Templates,Ryan Jarvinen,https://www.socallinuxexpo.org/scale/22x/presentations/prepare-perform-backstage-software-templates,Ballroom B,Advanced
Sunday,12:00,Make Your Open Source Story Work for You,Krista Burdine,https://www.socallinuxexpo.org/scale/22x/presentations/make-your-open-source-story-work-you,Room 103,Everyone
Sunday,13:00,Career Workshop: Interviews and Negotiations in Open Source,Jenson Crawford,https://www.socallinuxexpo.org/scale/22x/presentations/career-workshop-interviews-and-negotiations-open-source,Room 104,Everyone
Sunday,13:00,Using Certification to Prove Home Lab Skills,Adrianna Frick,https://www.socallinuxexpo.org/scale/22x/presentations/using-certification-prove-home-lab-skills,Room 103,Everyone
Sunday,13:30,"darktable: the fundamentals, advanced techniques, and discussion",Mica Semrick,https://www.socallinuxexpo.org/scale/22x/presentations/darktable-fundamentals-advanced-techniques-and-discussion,Room 209,Everyone
Sunday,13:45,Cloud Development Environments Are Strategic Assets,Tim Quinlan,https://www.socallinuxexpo.org/scale/22x/presentations/cloud-development-environments-are-strategic-assets,Room 211,Developer
Sunday,13:45,Beyond Sequential: A Recipe for Async Pipeline Observability and Alerting,"Jash Mistry, Gabriela Medvetska",https://www.socallinuxexpo.org/scale/22x/presentations/beyond-sequential-recipe-async-pipeline-observability-and-alerting,Room 107,Developer
Sunday,13:45,Beyond Replication: A Holistic Approach to Application Scaling,Josh Thornton,https://www.socallinuxexpo.org/scale/22x/presentations/beyond-replication-holistic-approach-application-scaling,Room 106,Everyone
Sunday,13:45,Nextcloud as A Self-Hosted Cross-Platform Cloud,Kyle Rankin,https://www.socallinuxexpo.org/scale/22x/presentations/nextcloud-self-hosted-cross-platform-cloud,Room 105,Everyone
Sunday,13:45,"Defense in Depth, as learned from watching football",Kennedy Toomey,https://www.socallinuxexpo.org/scale/22x/presentations/defense-depth-learned-watching-football,Room 101,Everyone
Sunday,13:45,Meet COSMIC DE,Carl Richell,https://www.socallinuxexpo.org/scale/22x/presentations/meet-cosmic-de,Ballroom H,Everyone
Sunday,13:45,RamaLama making AI Boring,James Huang,https://www.socallinuxexpo.org/scale/22x/presentations/ramalama-making-ai-boring,Ballroom G,Beginner
Sunday,13:45,"Everything I Need to Know About LLM, I Learned From A Pasadena Search Company 24 Years Ago",Gene Chuang,https://www.socallinuxexpo.org/scale/22x/presentations/everything-i-need-know-about-llm-i-learned-pasadena-search-company-24-years,Ballroom F,Everyone
Sunday,13:45,Bringing Per-CPU Variables to Rust-for-Linux,Mitchell Levy,https://www.socallinuxexpo.org/scale/22x/presentations/bringing-cpu-variables-rust-linux,Ballroom C,Intermediate
Sunday,13:45,From Pull Request to Live Environment: Automating Ephemeral Environments,Vahan Melikyan,https://www.socallinuxexpo.org/scale/22x/presentations/pull-request-live-environment-automating-ephemeral-environments,Ballroom B,Everyone
Sunday,13:45,CloudOps for your databases: a new paradigm for managing your data stores,Colin Charles,https://www.socallinuxexpo.org/scale/22x/presentations/cloudops-your-databases-new-paradigm-managing-your-data-stores,Ballroom A,Everyone
Sunday,14:00,How to crack software engineering interviews at FAANG and beyond,Vinit Dhatrak,https://www.socallinuxexpo.org/scale/22x/presentations/how-crack-software-engineering-interviews-faang-and-beyond,Room 103,Everyone
Sunday,15:00,Closing Keynote with Leslie Lamport,Leslie Lamport,https://www.socallinuxexpo.org/scale/22x/presentations/closing-keynote-leslie-lamport,Ballroom DE,Everyone
